{"cameraMode":{"drawMode":0,"name":"Shaded","section":"Shading Mode"},"sceneLighting":true,"audioPlay":false,"sceneViewState":{"showFog":true,"showMaterialUpdate":false,"showSkybox":true,"showFlares":true,"showImageEffects":true,"showParticleSystems":true},"in2DMode":false,"pivot":{"x":6.74463415145874,"y":-4.9538421630859379,"z":-13.387565612792969},"rotation":{"x":0.34566569328308108,"y":0.046421509236097339,"z":-0.017124464735388757,"w":0.9370576739311218},"size":197.68788146972657,"orthographic":false}