{"cameraMode":{"drawMode":0,"name":"Shaded","section":"Shading Mode"},"sceneLighting":false,"audioPlay":false,"sceneViewState":{"showFog":true,"showMaterialUpdate":false,"showSkybox":true,"showFlares":true,"showImageEffects":true,"showParticleSystems":true},"in2DMode":false,"pivot":{"x":-1.1530696153640748,"y":7.970806121826172,"z":1.0674277544021607},"rotation":{"x":0.46189361810684206,"y":0.5374256372451782,"z":-0.5168810486793518,"w":0.4802856147289276},"size":21.768678665161134,"orthographic":false}