{"cameraMode":{"drawMode":0,"name":"Shaded","section":"Shading Mode"},"sceneLighting":true,"audioPlay":false,"sceneViewState":{"showFog":true,"showMaterialUpdate":false,"showSkybox":true,"showFlares":true,"showImageEffects":true,"showParticleSystems":true},"in2DMode":false,"pivot":{"x":-2.094715118408203,"y":1.2963371276855469,"z":1.9252281188964844},"rotation":{"x":0.1457652449607849,"y":-0.7687888145446777,"z":0.1888672113418579,"w":0.5933367013931274},"size":250.6913299560547,"orthographic":false}